{
	"dialog_data": {
		"000": "Роботу програми завершено.",
		"001": "Поясніть, що трапилось! Яка подія сталася?:",
		"002": ["Аварія", "Катастрофа", "Стихійне лихо", "Пожежа", "Інша подія"],
		"003": "Поясніть, якого характеру ця подія!:",
		"004": ["Техногенного", "Природного", "Соціального", "Воєнного"],
		"005": "Поясніть, якого рівня ця подія!:",
		"006": ["Державного", "Регіонального", "Місцевого", "Обʼєктового"]
	},
	"probability_data": {
		"222": "22222222222222"
	},
	"address_data": {
		"333": "33333333333333"
	},
	"e_obj_data": {
		"444": "44444444444444"
	},
	"departament_data": {
		"555": "55555555555555"
	}
}
